{"chunk_definitions":[{"row":21,"row_count":1,"visible":true,"expansion_state":0,"options":{"engine":"r","label":"setup","include":false},"document_id":"B9436470","chunk_id":"csetup_chunk","chunk_label":"setup"},{"row":35,"row_count":1,"visible":true,"expansion_state":0,"options":{"engine":"r","echo":false,"label":"unnamed-chunk-1"},"document_id":"CC375081","chunk_id":"c35irxqkmg5w2","chunk_label":"unnamed-chunk-1"},{"row":66,"row_count":1,"visible":true,"expansion_state":0,"options":{"engine":"r","echo":false,"label":"unnamed-chunk-2"},"document_id":"B9436470","chunk_id":"cfsludvyxvvfb","chunk_label":"unnamed-chunk-2"},{"row":134,"row_count":1,"visible":true,"expansion_state":0,"options":{"engine":"r","echo":false,"label":"unnamed-chunk-16"},"document_id":"CC375081","chunk_id":"cz6ja1rk91h2a","chunk_label":"unnamed-chunk-4"},{"row":166,"row_count":1,"visible":true,"expansion_state":0,"options":{"engine":"r","echo":false,"label":"unnamed-chunk-5"},"document_id":"0727AEA3","chunk_id":"cph6jg3dkibr9","chunk_label":"unnamed-chunk-5"},{"row":187,"row_count":1,"visible":true,"expansion_state":0,"options":{"engine":"r","echo":false,"label":"unnamed-chunk-10"},"document_id":"0727AEA3","chunk_id":"c78ez8nkg10fn","chunk_label":"unnamed-chunk-6"},{"row":237,"row_count":1,"visible":true,"expansion_state":0,"options":{"engine":"r","echo":false,"label":"unnamed-chunk-23"},"document_id":"0727AEA3","chunk_id":"cqs57chifz68a","chunk_label":"unnamed-chunk-7"},{"row":299,"row_count":1,"visible":true,"expansion_state":0,"options":{"engine":"r","echo":false,"label":"unnamed-chunk-12"},"document_id":"0727AEA3","chunk_id":"cr4vuv1vfwdu3","chunk_label":"unnamed-chunk-8"}],"doc_write_time":1708437431,"chunk_rendered_width":700}