"0","# Set up what the relevant dates are for us: this week, last week, and equivalent pre-pandemic year"
"0",""
"0","# pick out what the recent week number is"
"0","recent_week_number <- scot_data %>% "
"0","  filter(WeekEndingDate == max_date) %>% "
"0","  select(Week) %>% "
"0","  pull()"
"0",""
"0","# using that, find out what the equivalent week last year was"
"0","equivalent_week_last_year <- scot_data %>% "
"0","  filter(Week == recent_week_number & Year == max(scot_data$Year)-1) %>% "
"0","  select(WeekEndingDate) %>% "
"0","  pull()"
"0",""
"0","# use this to create a table that will be used for writing our comparison statements"
"0","comparison_table_1 <- scot_data %>% "
"0","  filter(WeekEndingDate == max_date | "
"0","           WeekEndingDate == max_date - 7 | "
"0","           WeekEndingDate == equivalent_week_last_year) %>% "
"0","  select(WeekEndingDate, "
"0","         PercentageWithin4HoursEpisode, "
"0","         NumberOfAttendancesEpisode, "
"0","         NumberOver12HoursEpisode) %>% "
"0","  arrange(desc(WeekEndingDate))"
"0",""
"0",""
