{"chunk_definitions":[{"row":11,"row_count":1,"visible":true,"expansion_state":0,"options":{"engine":"r","label":"setup","include":false,"dev":"png"},"document_id":"84B17BB3","chunk_id":"csetup_chunk","chunk_label":"setup"},{"row":80,"row_count":1,"visible":true,"expansion_state":0,"options":{"engine":"r","echo":false,"label":"unnamed-chunk-4","dev":"png"},"document_id":"84B17BB3","chunk_id":"ckkerfhuynosb","chunk_label":"unnamed-chunk-3"}],"doc_write_time":1708505585,"working_dir":null,"default_chunk_options":{"echo":true}}